Name,Producer,Style,Format,Rating,ABV,Price,Stock,"Available Online?"
"Aecht Schlenkerla Rauchbier","Heller Bamberg",Rauchbier,"500 mL bottle",3.76/5,5.1%,$5.30,22,Yes
"Alexander Keith's India Pale Ale","Alexander Keith's","IPA - Other","473 mL can",2.67/5,5.0%,$3.20,72,Yes
"Amsterdam Boneshaker",Amsterdam,"IPA - American","473 mL can",3.76/5,7.1%,$3.65,83,Yes
"Asahi Super Dry",Asahi,"Lager - Japanese Rice","500 mL can",2.77/5,5.0%,$3.75,76,Yes
"Asahi Super Dry",Asahi,"Lager - Japanese Rice","6 x 330 mL bottles",2.77/5,5.0%,$17.95,12,Yes
Beck's,Beck's,"Pilsner - German","500 mL can",2.73/5,4.9%,$3.40,72,Yes
"Bud Light","Bud Light","Lager - American Light","473 mL can",1.88/5,4.2%,$2.90,86,Yes
"Bud Light","Bud Light","Lager - American Light","6 x 473 mL cans",1.88/5,4.2%,"$15.95
($1.00 off)",42,Yes
"Bud Light Lime","Bud Light","Lager - American Light","473 mL can",2.19/5,4.2%,$3.20,121,Yes
Budweiser,Budweiser,"Lager - American","473 mL can",2.25/5,5.0%,$2.90,132,No
Budweiser,Budweiser,"Lager - American","6 x 473 mL cans",2.25/5,5.0%,$17.50,115,Yes
"Carling Ice",Carling,"Lager - American","473 mL can",2.46/5,5.5%,$2.45,27,No
Carlsberg,Carlsberg,"Lager - Pale","500 mL can",2.79/5,5.0%,$3.00,4,No
"Chimay Blue Cap",Chimay,"Belgian Strong Dark Ale","330 mL bottle",4.10/5,9.0%,$4.95,32,Yes
"Chimay Premiere",Chimay,"Belgian Dubbel","750 mL bottle",3.90/5,7.0%,$9.95,17,Yes
"Chimay White Cap",Chimay,"Belgian Tripel","330 mL bottle",3.91/5,8.0%,$4.75,20,Yes
"Coors Light",Coors,"Lager - American Light","473 mL can",2.02/5,4.2%,$2.90,106,Yes
"Coors Light",Coors,"Lager - American Light","6 x 473 mL cans",2.02/5,4.2%,"$14.95
($2.00 off)",45,Yes
"Crest Super Lager",Crest,"Lager - Strong","500 mL can",2.26/5,10.0%,$4.30,108,Yes
"Czechvar Premium Lager",Czechvar,"Pilsner - Czech","500 mL can",3.36/5,5.0%,$3.40,79,Yes
"DAB Original",DAB,"Lager - Dortmunder / Export","500 mL can",3.02/5,5.0%,$2.75,99,Yes
"Erdinger Dunkel Weissbier",Erdinger,"Wheat Beer - Dunkelweizen","500 mL bottle",3.53/5,5.3%,$4.15,38,Yes
"Erdinger Weissbier",Erdinger,"Wheat Beer - Hefeweizen","500 mL bottle",3.50/5,5.3%,"$3.75
(¢20 off)",23,Yes
"Faxe 10% Extra Strong",Faxe,"Malt Liquor","500 mL can",2.41/5,10.0%,$4.25,251,Yes
"Faxe Premium Lager",Faxe,"Lager - Pale","500 mL can",2.74/5,5.0%,$2.70,124,Yes
"Golden Pheasant Beer","Golden Pheasant","Pilsner - Czech","500 mL bottle",3.10/5,4.7%,"$3.10
(¢50 off)",37,Yes
"Grolsch Premium Pilsner",Grolsch,"Pilsner - Other","4 x 450 mL bottles",3.03/5,5.0%,$17.10,6,Yes
"Guinness Draught",Guinness,"Stout - Irish Dry","500 mL can",3.64/5,4.2%,$3.90,144,Yes
"Guinness Draught",Guinness,"Stout - Irish Dry","4 x 440 mL cans",3.64/5,4.2%,$13.90,48,Yes
"Guinness Draught",Guinness,"Stout - Irish Dry","8 x 440 mL cans",3.64/5,4.2%,$26.95,5,Yes
"Hacker Pschorr Munich Gold Lager","Hacker Pschorr","Lager - Dortmunder / Export","500 mL can",3.45/5,5.5%,$2.75,52,Yes
"Harp Lager",Harp,"Lager - Pale","500 mL can",3.12/5,4.5%,$3.45,100,Yes
Heineken,Heineken,"Lager - Pale","500 mL can",2.69/5,5.0%,"$3.20
(¢20 off)",1147,Yes
Heineken,Heineken,"Lager - Pale","650 mL bottle",2.69/5,5.0%,$5.50,50,No
Heineken,Heineken,"Lager - Pale","6 x 330 mL bottles",2.69/5,5.0%,$15.95,87,Yes
Heineken,Heineken,"Lager - Pale","6 x 330 mL cans",2.69/5,5.0%,$15.95,41,Yes
Heineken,Heineken,"Lager - Pale","6 x 500 mL cans",2.69/5,5.0%,$19.95,116,Yes
Heineken,Heineken,"Lager - Pale","5000 mL can",2.69/5,5.0%,$39.95,10,Yes
Hoegaarden,Hoegaarden,"Wheat Beer - Witbier / Blanche","6 x 330 mL bottles",3.66/5,4.9%,$18.95,18,Yes
"Hofbrau Original Lager",Hofbrau,"Lager - Helles","500 mL bottle",3.50/5,5.1%,$4.75,37,Yes
"Hollandia Lager Beer",Hollandia,"Lager - Pale","500 mL can",2.65/5,5.0%,$2.70,180,Yes
"Holsten Festbock",Holsten,"Bock - Single / Traditional","500 mL can",3.13/5,7.0%,$3.15,46,Yes
"Holsten Maibock",Holsten,"Bock - Hell / Maibock / Lentebock","500 mL can",2.87/5,7.0%,$3.25,280,Yes
"Holsten Premium Pilsner",Holsten,"Pilsner - German","500 mL can",2.77/5,5.0%,$2.95,180,Yes
"Kaiser Beer",Kaiser,"Pilsner - Other","500 mL can",2.59/5,4.7%,$2.95,67,Yes
"Karlovacko Beer",Karlovacko,"Lager - Pale","500 mL can",2.83/5,5.0%,$3.15,52,Yes
"Kozel Beer",Kozel,"Pilsner - Czech","500 mL can",3.17/5,4.8%,"$2.75
(¢20 off)",67,Yes
"Kronenbourg 1664 Blanc","Kronenbourg 1664","Wheat Beer - Witbier / Blanche","6 x 330 mL bottles",3.38/5,5.0%,"$14.45
($1.50 off)",12,Yes
"Labatt Blue",Labatt,"Pilsner - Other","473 mL can",2.61/5,4.7%,$2.40,252,Yes
"Labatt Maximum Ice",Labatt,"Freeze-Distilled Beer","473 mL can",2.29/5,7.1%,$3.00,60,No
"Laker  Ice",Laker,"Lager - American","473 mL can",2.27/5,5.5%,$2.35,952,Yes
"Lech Beer",Lech,"Lager - Pale","500 mL can",2.73/5,4.8%,$2.95,15,Yes
"Leffe Blonde",Leffe,"Belgian Blonde","6 x 330 mL bottles",3.54/5,6.6%,$18.95,8,Yes
"Leffe Brune",Leffe,"Brown Ale - Belgian","6 x 330 mL bottles",3.63/5,6.5%,$18.95,4,Yes
"Lezajsk Beer",Lezajsk,"Lager - Pale","500 mL bottle",2.86/5,5.2%,$3.10,119,Yes
"Michelob Ultra",Michelob,"Lager - American Light","473 mL can",1.95/5,4.2%,$3.20,161,Yes
"Mill Street Original Organic Lager","Mill Street","Lager - Pale","473 mL can",3.03/5,4.2%,"$3.25
(¢25 off)",72,Yes
"Molson Canadian",Molson,"Lager - American","473 mL can",2.63/5,5.0%,$2.90,87,Yes
"Molson Canadian",Molson,"Lager - American","6 x 473 mL cans",2.63/5,5.0%,$16.95,45,Yes
"Birra Moretti","Birra Moretti","Lager - Pale","500 mL can",2.84/5,4.6%,$3.60,51,Yes
"Muskoka Cream Ale","Muskoka Brewery","Cream Ale","473 mL can",3.40/5,5.0%,$3.65,22,Yes
"Muskoka Mad Tom IPA","Muskoka Brewery","IPA - American","473 mL can",3.75/5,6.4%,$3.75,35,Yes
"Pabst Blue Ribbon",Pabst,"Lager - American","473 mL can",2.61/5,4.8%,"$2.10
(¢25 off)",56,Yes
"Pabst Blue Ribbon",Pabst,"Lager - American","6 x 355 mL cans",2.61/5,4.8%,$10.95,54,Yes
"Paulaner Hefe-Weissbier",Paulaner,"Wheat Beer - Hefeweizen","500 mL can",3.81/5,5.5%,$3.50,58,Yes
"Peroni Nastro Azzurro","Peroni Nastro Azzuro","Lager - Pale","500 mL can",2.80/5,5.1%,$3.75,123,Yes
"Peroni Nastro Azzurro","Peroni Nastro Azzuro","Lager - Pale","6 x 330 mL bottles",2.80/5,5.1%,$17.95,20,Yes
"Pilsner Urquell","Pilsner Urquell","Pilsner - Czech","500 mL can",3.46/5,4.4%,$3.60,237,Yes
"Red Stripe Lager","Red Stripe","Lager - American","6 x 330 mL bottles",2.79/5,4.7%,$16.95,42,Yes
"Rickard's Red","Rickard'S Red","Red Ale - Irish","473 mL can",3.01/5,5.2%,$2.95,52,Yes
"Rochefort 8",Rochefort,"Belgian Strong Dark Ale","330 mL bottle",4.10/5,9.2%,$5.30,36,Yes
"Samuel Adams Boston Lager","Samuel Adams","Lager - Vienna","473 mL can",3.48/5,5.0%,$3.35,46,Yes
"Sinha Stout",Sinha,"Stout - Foreign / Export","330 mL bottle",3.77/5,8.8%,$3.75,83,Yes
"Smithwick's Ale",Smithwick's,"Red Ale - Irish","500 mL can",3.38/5,4.5%,"$3.20
(¢25 off)",90,Yes
"Stiegl Bier",Stiegl,"Pilsner - German","500 mL can",3.26/5,4.9%,$3.60,135,Yes
"Stiegl Grapefruit Radler",Stiegl,"Shandy / Radler","500 mL can",3.61/5,2.0%,$3.75,33,Yes
"Super Bock","Super Bock","Lager - Pale","6 x 330 mL bottles",2.74/5,5.2%,"$13.85
($1.00 off)",8,Yes
"Tatra Beer",Tatra,"Lager - Pale","500 mL can",2.73/5,6.0%,$2.85,58,Yes
"Tiger Beer",Tiger,"Lager - Pale","500 mL can",2.64/5,5.0%,$3.25,73,Yes
"Tsingtao Beer",Tsingtao,"Lager - Pale","6 x 330 mL bottles",2.61/5,4.7%,$16.35,27,Yes
"Warka Beer",Warka,"Lager - Pale","500 mL bottle",2.81/5,5.2%,$3.35,48,Yes
"Warsteiner Premium Pilsener",Warsteiner,"Pilsner - German","500 mL can",3.14/5,4.8%,$3.40,81,Yes
"Weihenstephaner Hefeweissbier",Weihenstephaner,"Wheat Beer - Hefeweizen","500 mL bottle",4.05/5,5.4%,$5.25,36,Yes
"Zywiec Beer",Zywiec,"Lager - Pale","500 mL bottle",2.90/5,5.6%,$3.35,39,Yes
"Laker Red",Laker,"Lager - American Amber / Red","473 mL can",2.72/5,5.5%,$2.35,120,No
"Sleeman Original Lager",Sleeman,"Lager - Pale","6 x 473 mL cans",2.71/5,5.0%,"$14.95
($2.00 off)",9,Yes
"Triple Bogey Lager","Triple Bogey","Lager - Pale","473 mL can",2.91/5,5.0%,$2.95,25,Yes
"DAB Maibock",DAB,"Bock - Hell / Maibock / Lentebock","500 mL can",3.14/5,7.0%,"$2.95
(¢20 off)",181,Yes
"Lowenbrau Original",Lowenbrau,"Lager - Helles","473 mL can",3.04/5,5.2%,$2.10,17,Yes
"Muskoka Detour","Muskoka Brewery","IPA - Session","473 mL can",3.68/5,4.3%,$3.65,63,Yes
"Rochefort 10",Rochefort,"Belgian Quadrupel","330 mL bottle",4.23/5,11.3%,$5.95,63,Yes
"Mill Street 100th Meridian Organic Amber Lager","Mill Street","Lager - American Amber / Red","473 mL can",3.34/5,5.0%,$3.60,33,Yes
"Modelo Especial",Modelo,"Lager - Mexican","6 x 355 mL bottles",2.76/5,4.4%,$18.95,36,Yes
"Moosehead Lager",Moosehead,"Lager - American","6 x 473 mL cans",2.87/5,5.0%,$17.95,39,Yes
"Labatt Blue",Labatt,"Pilsner - Other","740 mL can",2.61/5,4.7%,$3.60,97,Yes
"La Trappe Tripel","La Trappe","Belgian Tripel","750 mL bottle",3.81/5,8.0%,$10.70,46,No
"Tyskie Beer",Tyskie,"Lager - Pale","500 mL can",2.88/5,5.2%,$3.05,89,Yes
"Alexander Keith's IPA","Alexander Keith's","IPA - Other","6 x 473 mL cans",2.67/5,5.0%,$18.50,33,Yes
"Collective Arts Ransack The Universe IPA","Collective Arts","IPA - American","473 mL can",3.93/5,6.8%,$3.85,60,Yes
"Goose Island IPA","Goose Island","IPA - American","473 mL can",3.59/5,5.9%,$3.25,53,Yes
"Lost Craft Revivale","Lost Craft",Kölsch,"473 mL can",3.26/5,4.8%,$3.25,40,Yes
"Gaffel Kolsch",Gaffel,Kölsch,"500 mL can",3.35/5,4.8%,$4.25,155,Yes
"Kilkenny Irish Ale",Kilkenny,"Red Ale - Irish","4 x 500 mL cans",3.29/5,4.3%,$12.90,4,Yes
"Woodhouse Lager","Woodhouse Brewing","Lager - American Amber / Red","473 mL can",3.27/5,5.0%,$3.35,79,Yes
"Kronenbourg 1664 Blanc","Kronenbourg 1664","Wheat Beer - Witbier / Blanche","500 mL can",3.38/5,5.0%,$3.40,81,Yes
"Kronenbourg 1664","Kronenbourg 1664","Lager - Pale","6 x 330 mL bottles",2.91/5,5.5%,$15.95,10,Yes
"Ace Hill Pilsner","Ace Hill","Pilsner - German","473 mL can",3.36/5,4.9%,$3.45,57,Yes
"Blue Moon","Belgian Moon","Wheat Beer - Witbier / Blanche","473 mL can",3.30/5,5.4%,$3.15,135,Yes
"Bench Brewing Ball's Falls Session IPA","Bench Brewing","IPA - Session","473 mL can",3.64/5,4.5%,$3.45,98,Yes
"DAB Dark Lager",DAB,"Lager - Dark","500 mL can",3.19/5,4.9%,$2.95,53,Yes
"Great Lakes Brewery Octopus Wants To Fight IPA","Great Lakes Brewery","IPA - American","473 mL can",3.95/5,6.2%,"$3.25
(¢30 off)",93,Yes
"Michelob Ultra",Michelob,"Lager - American Light","6 x 473 mL cans",1.95/5,4.2%,$18.50,45,Yes
"Strongbow Cider",Strongbow,"Cider - Dry","500 mL can",2.97/5,5.0%,"$4.00
(¢20 off)",91,Yes
"Brickworks Ciderhouse Batch : 1904","Brickworks Ciderhouse","Cider - Sweet","473 mL can",3.49/5,5.0%,$3.60,167,Yes
"Rekorderlig Wild Berries Cider",Rekorderlig,"Cider - Other Fruit","500 mL can",3.34/5,4.5%,$3.90,73,Yes
"Growers Pear Cider",Growers,"Cider - Perry","473 mL can",2.59/5,5.0%,$3.50,57,Yes
"Brickworks Ciderhouse Stadium Island Peach Cider","Brickworks Ciderhouse","Cider - Other Fruit","473 mL can",3.61/5,4.5%,$3.60,27,Yes
"Coffin Ridge Forbidden Artisanal Cider","Coffin Ridge","Cider - Traditional / Apfelwein","473 mL can",3.32/5,6.5%,$3.95,47,Yes
"Steam Whistle Premium Pilsner","Steam Whistle","Pilsner - Other","6 x 473 mL cans",3.28/5,5.0%,"$18.95
($1.00 off)",10,No
"Spearhead Hawaiian Style Pale Ale","Spearhead Brewing","Pale Ale - American","473 mL can",3.68/5,6.0%,$3.15,27,No
"Steam Whistle Premium Pilsner","Steam Whistle","Pilsner - Other","473 mL can",3.28/5,5.0%,$3.65,51,Yes
"Mill Street Original Organic Lager","Mill Street","Lager - Pale","6 x 473 mL cans",3.03/5,4.2%,$19.50,23,Yes
"Duchesse De Bourgogne",Duchesse,"Sour - Flanders Red Ale","330 mL bottle",3.87/5,6.2%,$4.45,25,Yes
"Okanagan Apple Cider","Okanagan Cider Company","Cider - Traditional / Apfelwein","473 mL can",2.88/5,5.0%,$3.50,62,Yes
"Sierra Nevada Pale Ale","Sierra Nevada","Pale Ale - American","473 mL can",3.79/5,5.6%,$3.60,50,No
"Flying Monkeys Juicy Ass","Flying Monkeys","IPA - American","473 mL can",3.75/5,6.5%,"$3.55
(¢20 off)",66,Yes
"Henderson's Best","Henderson Brewing","Bitter - Best","473 mL can",3.57/5,5.5%,$3.50,45,Yes
"Omnipollo Zodiak IPA",Omnipollo,"IPA - American","473 mL can",3.87/5,6.2%,$3.95,40,Yes
"Bavaria Premium",Bavaria,"Pilsner - Other","500 mL can",2.71/5,5.0%,$2.80,59,Yes
"Estrella Damm Lager",Damm,"Lager - Pale","500 mL can",2.80/5,5.4%,$3.75,68,No
"Palm Breweries Rodenbach Grand Cru",Rodenbach,"Sour - Flanders Red Ale","330 mL bottle",3.93/5,6.0%,$3.85,77,Yes
"Miller Genuine Draft",Miller,"Lager - American","6 x 355 mL bottles",2.24/5,4.7%,$14.95,12,Yes
"Rodenbach Vintage",Rodenbach,"Sour - Flanders Red Ale","750 mL bottle",4.20/5,7.0%,$14.50,27,Yes
"Iron Maiden Trooper Ale","Iron Maiden","Bitter - Best","500 mL can",3.30/5,4.7%,$3.80,39,Yes
"Collective Arts Jam up the Mash","Collective Arts","Sour - Other","473 mL can",3.93/5,5.2%,$3.95,79,Yes
"Miller Lite",Miller,"Lager - American Light","6 x 473 mL cans",2.13/5,4.2%,$17.95,14,No
"Collective Arts Life in the Clouds","Collective Arts","IPA - New England / Hazy","473 mL can",3.92/5,6.1%,"$3.60
(¢25 off)",58,Yes
"Pabst Blue Ribbon 5.9%",Pabst,"Lager - Pale","6 x 473 mL cans",2.39/5,5.9%,$13.95,54,No
"Amsterdam Space Invader IPA",Amsterdam,"IPA - American","473 mL can",3.61/5,6.0%,$3.45,54,Yes
"Creemore Springs Premium Lager","Creemore Springs","Lager - Amber","6 x 473 mL cans",3.54/5,5.0%,"$17.50
($2.00 off)",6,Yes
"Amsterdam 3 Speed Lager",Amsterdam,"Lager - American Light","568 mL can",3.15/5,4.2%,$3.45,64,No
"No Boats on Sunday Cider","No Boats On Sunday","Cider - Traditional / Apfelwein","500 mL bottle",3.48/5,5.0%,"$3.95
($1.00 off)",31,Yes
"Dragon Stout","Dragon Stout","Stout - Foreign / Export","6 x 284 mL bottles",3.33/5,7.5%,$15.95,27,Yes
"Growers Cider Stone Fruit",Growers,"Cider - Other Fruit","473 mL can",3.21/5,5.0%,$3.50,22,Yes
"Berliner Pilsner",Beringer,"Pilsner - German","500 mL can",3.00/5,5.0%,$2.75,58,Yes
"Clausthaler Premium Non Alcoholic",Clausthaler,"Non-Alcoholic Beer - Lager","500 mL can",2.52/5,0.5%,"$2.35
(¢20 off)",73,Yes
"Brickworks Ciderhouse Rose Cider","Brickworks Ciderhouse","Cider - Rosé","473 mL can",3.21/5,6.0%,$3.60,39,Yes
"Partake Brewing Non-Alcoholic Pale Ale","Partake Brewing","Non-Alcoholic Beer - Pale Ale","355 mL can",2.95/5,0.3%,$2.00,42,Yes
"Eagle Banana Bread Beer","Charles Wells","Fruit Beer","500 mL can",3.39/5,5.2%,$3.65,82,No
"New Ontario Brewing - Tree Topper Red Ale","New Ontario Brewing","Red Ale - American Amber / Red","473 mL can",3.50/5,5.2%,$3.45,29,No
"Boneshaker IPA",Amsterdam,"IPA - American","6 x 473 mL cans",3.76/5,7.1%,$20.45,22,Yes
"Flying Monkeys Sparklepuff Triple IPA","Flying Monkeys","IPA - Triple","473 mL can",3.89/5,10.2%,$4.95,35,Yes
"Westmalle Tripel",Westmalle,"Belgian Tripel","330 mL bottle",4.03/5,9.5%,$5.70,82,Yes
"Left Field Brewery Greenwood IPA","Left Field Brewery","IPA - New England / Hazy","355 mL can",3.96/5,6.3%,$3.90,44,Yes
"Creemore Springs Premium Lager","Creemore Springs","Lager - Amber","473 mL can",3.54/5,5.0%,$3.50,144,Yes
"Glutenberg Blonde",Glutenburg,Gluten-Free,"4 x 473 mL cans",2.86/5,4.5%,$13.05,16,Yes
"Side Launch Wheat Beer","Side Launch","Wheat Beer - Hefeweizen","473 mL can",3.73/5,5.3%,$3.65,16,Yes
"Muskoka Hazed & Confused","Muskoka Brewery","IPA - New England / Hazy","473 mL can",3.70/5,6.5%,$3.70,23,Yes
Hoegaarden,Hoegaarden,"Wheat Beer - Witbier / Blanche","500 mL can",3.66/5,4.9%,$3.65,39,No
"DAB Original",DAB,"Lager - Dortmunder / Export","6 x 500 mL cans",3.02/5,5.0%,$16.20,40,Yes
"Duvel Beer",Duvel,"Belgian Strong Golden Ale","330 mL bottle",3.94/5,8.5%,$4.85,18,No
"Amsterdam Blonde Lager",Amsterdam,"Lager - Pale","568 mL can",3.01/5,5.0%,$3.25,16,Yes
"Blanche De Chambly","Blanche De Chambly","Wheat Beer - Witbier / Blanche","473 mL can",3.66/5,5.0%,$3.15,36,Yes
"Henninger Lager",Henninger,"Lager - Helles","6 x 500 mL cans",2.82/5,4.8%,$15.40,5,Yes
"Collective Arts Hazy State","Collective Arts","IPA - Session","473 mL can",3.67/5,4.1%,$3.55,44,Yes
"Pombucha - Harmony Of Cider & Kombucha","Drinklab Inc.","Cider - Herbed / Spiced / Hopped","473 mL can",3.24/5,4.0%,$3.50,2,Yes
"Burdock Brewery Tuesday Saison","Burdock Brewery","Farmhouse Ale - Saison","355 mL can",3.65/5,5.3%,$3.95,21,Yes
"Zywiec Beer",Zywiec,"Lager - Pale","500 mL can",2.90/5,5.6%,$2.95,99,No
"Bench Brewing Short Hills Hazy IPA","Bench Brewing","IPA - New England / Hazy","473 mL can",3.73/5,6.5%,$3.65,8,No
"Fat Tire Classic Ale","New Belgium","Red Ale - American Amber / Red","473 mL can",3.45/5,5.2%,$3.75,14,Yes
"Bellwoods Jelly King Sour","Bellwoods Brewery","Sour - Other","500 mL bottle",4.01/5,5.6%,$6.50,17,Yes
"Molson Ultra",Molson,"Lager - American Light","6 x 473 mL cans",1.93/5,3.0%,$17.50,4,Yes
"Coors Original",Coors,"Lager - American","6 x 473 mL cans",2.46/5,5.0%,"$16.50
($1.45 off)",29,Yes
"Coors Original",Coors,"Lager - American","473 mL can",2.46/5,5.0%,$3.05,137,Yes
"Creemore Springs Premium Lager","Creemore Springs","Lager - Amber","6 x 355 mL cans",3.54/5,5.0%,$14.95,3,Yes
"Cameron's Captain's Log Lager",Cameron's,"Lager - Pale","473 mL can",3.41/5,5.0%,$3.00,3,No
"Bellwoods Jutsu Pale Ale","Bellwoods Brewery","Pale Ale - American","473 mL can",3.98/5,5.6%,$4.50,119,Yes
"Indie Ale House Instigator IPA","Indie Ale House","IPA - American","473 mL can",3.84/5,6.5%,$4.25,36,No
"Old Milwaukee Ice","Old Milwaukee","Freeze-Distilled Beer","6 x 473 mL cans",1.99/5,5.9%,$13.95,59,Yes
"Labatt BLue",Labatt,"Pilsner - Other","6 x 473 mL cans",2.61/5,4.7%,$13.95,26,Yes
"Somersby Apple Cider",Somersby,"Cider - Sweet","473 mL can",2.86/5,4.5%,$3.60,173,Yes
"Old Milwaukee Ice","Old Milwaukee","Freeze-Distilled Beer","473 mL can",1.99/5,5.9%,$2.40,181,No
"Somersby Blackberry Cider",Somersby,"Cider - Other Fruit","473 mL can",2.92/5,4.5%,$3.60,125,Yes
"Bellwoods Roman Candle","Bellwoods Brewery","IPA - American","473 mL can",3.96/5,6.8%,$4.50,133,Yes
"Hollandia Lager",Hollandia,"Lager - Pale","4 x 500 mL cans",2.65/5,5.0%,$10.50,53,Yes
"Schneider Helle Weisse","Schneider Weisse","Wheat Beer - Hefeweizen","500 mL can",3.74/5,5.2%,$4.55,131,Yes
"Left Field Brewery Bang Bang Dry Hopped Sour","Left Field Brewery","Sour - Other","355 mL can",3.76/5,5.5%,$3.95,1,No
"Sapporo Premium Beer",Sapporo,"Lager - Pale","6 x 500 mL cans",2.83/5,4.9%,"$17.95
($2.00 off)",33,Yes
"Stella Artois","Stella Artois","Pilsner - Other","6 x 330 mL bottles",3.00/5,5.0%,$16.95,53,Yes
"Stella Artois","Stella Artois","Pilsner - Other","473 mL can",3.03/5,5.0%,$3.40,101,Yes
"Stella Artois","Stella Artois","Pilsner - Other","6 x 473 mL cans",3.03/5,5.0%,"$18.95
($1.00 off)",97,Yes
"Kirin Ichiban","Kirin Brewery","Lager - Pale","473 mL can",2.75/5,5.0%,$2.95,138,No
"Junction Craft Hazy IPA","Junction Craft Brewery","IPA - New England / Hazy","473 mL can",3.56/5,6.0%,$3.65,2,No
"Junction Craft Pilsner","Junction Craft Brewery","Pilsner - German","473 mL can",3.44/5,4.5%,$3.35,104,No
"Molson Cold Shots 6.0",Molson,"Lager - Pale","4 x 222 mL cans",2.27/5,6.0%,$5.00,533,Yes
"Corona Extra",Corona,"Lager - Mexican","6 x 330 mL bottles",2.52/5,4.5%,$16.95,66,Yes
"Brew Aid","Tomorrow Brew Co.","Lager - American","473 mL can",3.01/5,4.5%,$3.35,5,Yes
"Beau's Lug Tread",Beau's,Kölsch,"473 mL can",3.52/5,5.2%,$3.65,88,Yes
"Beau's Lug Tread",Beau's,Kölsch,"6 x 473 mL cans",3.52/5,5.2%,$19.95,10,Yes
"Corona Extra",Corona,"Lager - Mexican","6 x 473 mL cans",2.52/5,4.5%,"$19.95
($1.00 off)",62,No
"Corona Extra",Corona,"Lager - Mexican","473 mL can",2.52/5,4.5%,$3.65,144,Yes
"Kensington Brewing Company Another Hazy Beer","Kensington Brewery","Pale Ale - New England / Hazy","473 mL can",3.61/5,5.5%,$3.75,16,No
"Collective Arts Good Monster","Collective Arts","IPA - Imperial / Double New England / Hazy","473 mL can",3.87/5,8.0%,$4.45,31,Yes
"Collective Arts Guava Gose","Collective Arts","Sour - Fruited Gose","473 mL can",3.78/5,4.9%,$3.95,95,Yes
"Cracked Canoe","Cracked Canoe","Lager - American Light","6 x 473 mL cans",2.60/5,3.5%,"$16.50
($1.00 off)",1,No
"Puppers Golden Lager","Mill Street","Lager - Pale","473 mL can",2.99/5,4.0%,$3.60,119,Yes
"No Boats On Sunday Peach Cider","No Boats On Sunday","Cider - Other Fruit","473 mL can",3.62/5,5.0%,$3.85,2,Yes
"Kw Craft Cider Wild Cherry","KW Craft","Cider - Other Fruit","473 mL can",3.74/5,6.4%,"$3.60
(¢25 off)",45,Yes
"Tempt No. 9 Strawberry & Lime Cider",Tempt,"Cider - Traditional / Apfelwein","500 mL can",2.93/5,4.5%,$3.25,115,Yes
"Amsterdam Neon Haze Hazy IPA",Amsterdam,"IPA - New England / Hazy","473 mL can",3.75/5,5.7%,$3.35,49,Yes
"St. Bernardus Abt 12","St. Bernardus","Belgian Quadrupel","330 mL bottle",4.24/5,10.0%,$5.85,57,Yes
"Waterloo Grapefruit Radler","Waterloo Brewing","Shandy / Radler","473 mL can",3.37/5,2.5%,$3.25,153,Yes
"Moosehead Radler",Moosehead,"Shandy / Radler","473 mL can",3.42/5,4.0%,$3.25,109,Yes
"Sapporo Premium Beer",Sapporo,"Lager - Pale","500 mL can",2.83/5,4.9%,$3.40,210,No
"Henderson x Rush Canadian Golden Ale","Henderson Brewing","Golden Ale","473 mL can",3.54/5,5.5%,$3.40,55,Yes
"Corona Extra",Corona,"Lager - Mexican","710 mL bottle",2.52/5,4.5%,$5.50,94,No
"Hofbrau Dunkel",Hofbrau,"Lager - Munich Dunkel","500 mL bottle",3.61/5,5.5%,$3.50,33,Yes
"Flying Monkeys Space Age Sunshine Quadruple IPA","Flying Monkeys","IPA - Quadruple","473 mL can",3.65/5,11.6%,$5.35,57,Yes
"Moosehead Lager",Moosehead,"Lager - American","473 mL can",2.87/5,5.0%,$3.00,63,Yes
"Indie Ale House Marco Polo Italian Style Pilsner","Indie Ale House","Pilsner - Italian","473 mL can",3.65/5,5.0%,$3.90,26,No
"Spearhead Brewing Queen of Wheat","Spearhead Brewing","Wheat Beer - Other","473 mL can",3.99/5,5.0%,$3.45,16,No
"Bellwoods Bellweiser Pilsner","Bellwoods Brewery","Pilsner - German","473 mL can",3.67/5,4.8%,$4.50,108,No
"Muskoka Brewery Drifter","Muskoka Brewery","Pale Ale - New England / Hazy","473 mL can",3.73/5,5.6%,$3.65,64,Yes
"Creemore Pale Ale",Creemore,"Pale Ale - American","473 mL can",3.50/5,5.6%,$3.50,72,Yes
"High Park Rings of Saturn Hazy IPA","High Park Brewery","IPA - New England / Hazy","473 mL can",3.75/5,6.5%,$3.50,60,No
"Brickworks Ciderhouse Raspberry Peach Cider","Brickworks Ciderhouse","Cider - Other Fruit","473 mL can",3.53/5,5.0%,$3.60,97,No
"Somersby Mango & Lime Cider",Somersby,"Cider - Other Fruit","473 mL can",2.75/5,4.5%,$3.60,125,No
"Henderson's FIGO Italian Pilsner","Henderson's Brewery","Pilsner - Italian","473 mL can",3.59/5,5.5%,$3.60,27,Yes
"No Boats On Sunday Cider Original Multi Pack","No Boats on Sunday",Cider,"6 x 473 mL cans",N/A,5.0%,$21.95,19,Yes
"Whitewater Brewing North Meets South Nordic Pale Ale","Whitewater Brewing","Pale Ale - Other","473 mL can",3.68/5,4.6%,$3.55,4,Yes
"Woodhouse Nordic Pale Ale","Woodhouse Brewery","Pale Ale - Other","473 mL can",3.45/5,5.2%,$3.50,14,Yes
"Side Launch Dark Lager","Side Launch","Lager - Munich Dunkel","473 mL can",3.59/5,5.3%,$3.45,36,No
"Libra Non Alcoholic Pale Ale","Upstreet Brewing","Non-Alcoholic Beer - Pale Ale","4 x 355 mL cans",3.42/5,0.4%,$10.95,17,No
"Great Lakes Brewery Pumpkin Ale","Great Lakes","Pumpkin / Yam Beer","473 mL can",3.49/5,5.5%,$3.45,41,Yes
"Big Rig Pumpkin Porter","Big Rig Brewery","Pumpkin / Yam Beer","473 mL can",3.25/5,5.8%,$3.40,9,Yes
"Great Lakes Brewery Karma Citra IPA","Great Lakes","IPA - American","473 mL can",4.06/5,6.6%,$3.55,160,Yes
"Hacker Pschorr Weisse Bier",-,"Wheat Beer - Hefeweizen","500 mL can",3.79/5,5.5%,"$3.05
(¢20 off)",45,No
"Forked River Coffee Porter","Forked River","Porter - Coffee","473 mL can",3.64/5,5.5%,$3.65,36,Yes
"New Ontario Brewing Big & Juicy IPA","New Ontario Brewing","IPA - American",N/A,3.58/5,6.5%,$3.55,36,No
"Collingwood Happy Tails Session IPA",Collingwood,"IPA - Session","473 mL can",3.67/5,4.5%,$3.65,12,No
"Blood Brothers Brewing Entheogen IPA",-,"IPA - New England / Hazy","473 mL can",3.76/5,6.0%,$4.50,29,No
"Pearbucha Flavoured Cider",Pombucha,"Cider - Herbed / Spiced / Hopped","473 mL can",3.44/5,4.0%,$3.60,9,Yes
"Lagunitas IPA",-,"IPA - American","500 mL can",3.75/5,6.2%,$3.45,28,Yes
"Amsterdam Fracture Juicy Imperial IPA",-,"IPA - Imperial / Double New England / Hazy","473 mL can",3.78/5,10.5%,$4.25,71,No
"Old Style Pilsner",-,"Pilsner - German","473 mL can",2.80/5,5.0%,$2.45,199,Yes
"Whitewater Brewing Co Dark Roast Pumpkin Spice Espresso Porter",-,"Porter - Coffee","473 mL can",3.47/5,4.4%,$3.65,17,Yes
"Left Field Brewery Sweet Spot Marshmallow Stout",-,"Stout - Milk / Sweet","355 mL can",3.82/5,6.2%,$3.95,39,Yes
"Bobcaygeon Sweet Tooth Pumpkin Spice Latte",-,"Pumpkin / Yam Beer","473 mL can",3.41/5,8.1%,$4.95,38,No
"Deschutes Fresh Hazy IPA",-,"IPA - New England / Hazy","473 mL can",3.81/5,6.5%,$3.90,24,No
"Farmer's Creed Beer Longhorn Lager",-,"Contract Brewery","473 mL can",3.44/5,5.0%,$3.25,1,No
"Double Trouble Sucker Punch Red Raspberry Sour Ale",-,"Sour - Fruited","473 mL can",3.15/5,5.7%,$3.45,12,No
Singha,-,"Lager - Pale","490 mL can",2.85/5,5.0%,$2.90,81,Yes
"Blood Brothers Paradise Lost Spiced Cherry Sour",-,"Sour - Fruited","473 mL can",3.93/5,6.0%,$6.50,43,No
"Siren Caribbean Chocolate Mole Cake Stout",-,"Stout - Milk / Sweet","330 mL can",3.86/5,8.8%,$5.55,8,No
"Somersby Cider Mixer 8-Pack",-,Cider,"8 x 473 mL cans",N/A,4.5%,$24.95,4,Yes
"Beau's Lug Lite",-,"Lager - American Light","473 mL can",3.74/5,4.0%,"$2.95
(¢20 off)",31,Yes
"Collective Arts Lager",-,"Lager - Pale","473 mL can",0.00/5,4.9%,$3.25,1,Yes
"Cowbell Brewing Co. Cencerro Cerveza Mexican Lager",-,"Lager - Mexican","4 x 355 mL cans",0.00/5,4.5%,"$10.45
(¢50 off)",6,No
"Lake of Bays Next Stop Tropical Fruit Pale Ale",-,"Pale Ale - Other","473 mL can",0.00/5,5.0%,$3.65,9,No
"Burdock Brewery Vermont Blond",-,"Blonde Ale","355 mL can",3.61/5,4.5%,$3.75,13,Yes
"Beau's Juiced AF Hazy IPA",-,N/A,"473 mL can",N/A,6.5%,"$3.50
(¢25 off)",30,Yes
"Adnams Ghost Ship Pale Ale",-,"Pale Ale - English","440 mL can",3.58/5,4.5%,$3.35,6,No
"Mill St. Cold IPA",-,"IPA - Cold","473 mL can",0.00/5,6.5%,"$3.50
(¢25 off)",27,Yes
"Eastbound Brewing Let's Go Exploring",-,"IPA - American","473 mL can",3.63/5,6.0%,$4.25,10,No
"No Boats On Sunday Wild Strawberry Cider",-,"Cider - Dry","473 mL can",0.00/5,5.0%,$3.85,1,Yes
"Pump House Crafty Radler","Pump House","Shandy / Radler","473 mL can",N/A,4.7%,$3.55,152,Yes
"Muskoka Tread Lightly",-,"Lager - American Light","568 mL can",3.44/5,4.0%,$3.35,39,Yes
"Collective Arts Beyond Reason",-,"Pale Ale - Other","473 mL can",3.48/5,2.9%,$3.25,42,Yes
"Grolsch Premium Pilsner",-,"Pilsner - Other","473 mL can",3.03/5,5.0%,"$2.70
(¢25 off)",199,Yes
"Grolsch Premium Pilsner",-,"Pilsner - Other","6 x 473 mL cans",3.03/5,5.0%,$16.95,17,Yes
"High Park Ghost Hazy IPA",-,"IPA - New England / Hazy","473 mL can",0.00/5,6.3%,$3.50,46,No
"Whitewater Brewing Last Light Lager",-,N/A,"473 mL can",N/A,4.0%,$3.25,1,No
"Somersby Apple Cider 4x473ml Cans",-,"Cider - Sweet","4 x 473 mL cans",2.86/5,4.5%,$13.50,2,Yes
"Big Rig Bongo Bomb Radler IPA",-,"Shandy / Radler","473 mL can",1.70/5,5.4%,$3.60,20,Yes
"Amsterdam Brewing Summer Entertainer",-,N/A,"4 x 473 mL cans",N/A,4.5%,$12.95,1,No
"Junction Krispy Light Lager",-,"Lager - American Light","473 mL can",3.40/5,3.9%,$3.15,50,Yes
"Side Launch Hibiscus Sour","Side Launch","Sour - Other","473 mL can",N/A,4.2%,$3.85,34,No
"Cameron's Coast to Coast Dry Hopped Lager",Cameron's,"Lager - IPL (India Pale Lager)","473 mL can",N/A,5.2%,$3.50,17,No
"Imperial City Brew house Milkshake IPA","Imperial City Brewhouse","IPA - Milkshake","473 mL can",N/A,6.0%,$3.60,38,No
"Bellwoods Jelly King PTG","Bellwoods Brewery","Sour - Fruited","500 mL bottle",N/A,5.6%,$7.50,17,No
"Waterloo Tart Cherry Radler",Waterloo,"Shandy / Radler","473 mL can",N/A,2.5%,$3.25,20,Yes
"Side Launch Passionate Sour","Side Launch",N/A,"473 mL can",N/A,4.3%,$3.95,8,No
"MILLER HIGH LIFE",-,"Lager - American","6 x 473 mL cans",N/A,4.6%,$14.25,6,No
"Great Lakes Brewery Miami Weiss","Great Lakes Brewery","Wheat Beer - American Pale Wheat","473 mL can",N/A,4.5%,$3.10,12,Yes
"Strongbow Ultra Cider Apple",-,"Cider - Dry","6 x 330 mL cans",2.78/5,4.5%,$16.75,2,Yes
"West Avenue Little Mac McIntosh Apple Cider",-,Cider,"473 mL can",N/A,6.0%,$3.90,6,Yes
"Beau's Refresher",-,"Fruit Beer","473 mL can",3.40/5,4.5%,$3.50,58,No
"High Park Double Tap DIPA",-,"IPA - Imperial / Double","473 mL can",3.37/5,8.5%,$4.50,78,No
"Lake of Bays Unmapped Hazy Light IPA",-,N/A,"473 mL can",N/A,4.0%,$3.55,20,No
"Bellwoods Double Ratclops DIPA",-,"IPA - Imperial / Double","473 mL can",3.99/5,8.0%,$5.50,19,No
"Big Rig Hola Cerveza",-,"Lager - Mexican","473 mL can",3.46/5,4.7%,$2.75,1,No
"Burdock Brewery Lime Gose",-,"Sour - Fruited Gose","355 mL can",3.70/5,4.0%,$4.35,6,Yes
"Bellwoods Green Velvet IPA",-,"IPA - New England / Hazy","473 mL can",4.10/5,7.0%,$5.00,20,No
"Omnipollo Fatamorgana Folk",-,"IPA - Session","473 mL can",3.61/5,3.5%,$3.85,28,Yes
"Omnipollo Prize Pils",-,"Pilsner - German","473 mL can",3.50/5,4.8%,$3.95,19,Yes
"Henderson Brewing Co. Ring & Post",-,N/A,"473 mL can",N/A,6.0%,$4.50,4,No
"Duchesse Chocolate Cherry",-,"Sour - Flanders Red Ale","330 mL bottle",3.94/5,6.8%,$3.95,18,Yes
"Harviestoun Brewery Bitter & Twisted",-,"Golden Ale - English","330 mL bottle",3.50/5,4.2%,$3.20,9,Yes
"Bench Brewing Hopsters Cryo IPA",-,"IPA - American","473 mL can",3.76/5,6.0%,$4.50,45,No
"5 Paddles Coconut Cream Pie",-,"Golden Ale - Other","473 mL can",3.52/5,5.5%,$3.95,1,No
"WOODHOUSE CITRUS RADLER",-,"Shandy / Radler","473 mL can",3.13/5,3.2%,$3.25,8,No
"Innis & Gunn Original",-,"Scottish Export Ale","473 mL can",3.53/5,6.6%,$3.75,179,Yes
"Collective Arts Sicilian Lemon Gose",-,"Sour - Fruited Gose","473 mL can",3.93/5,4.5%,$4.85,15,Yes
"Coffin Ridge Forbidden Hopped Cider",-,"Cider - Other","473 mL can",N/A,6.5%,$4.15,56,Yes
"Einbecker 1378",-,"Bock - Hell / Maibock / Lentebock","330 mL bottle",3.51/5,6.7%,$2.75,29,No
"Thornbridge Brewery Jaipur IPA",-,"IPA - American","440 mL can",3.74/5,5.9%,$3.60,18,Yes
"Big Deal Golden Ale",-,"Golden Ale - Other","473 mL can",3.44/5,4.5%,$3.50,27,Yes
"Equilibrium Brewery Astrophysics IPA",-,"IPA - American","473 mL can",3.95/5,6.5%,$4.95,25,No
"Somersby Wild Garden Crushed Apple Cider",-,"Cider - Sweet","4 x 355 mL cans",2.56/5,4.5%,$10.95,7,Yes
"Collective Arts Time Machine",-,"Pilsner - German","6 x 473 mL cans",3.57/5,5.5%,$22.95,12,Yes
"GRAND RIVER BREWING PALE ALE",-,"Pale Ale - American","473 mL can",N/A,5.0%,$3.50,27,No
"Superflux Colour & Shape IPA",-,"IPA - American","473 mL can",4.12/5,6.5%,$4.95,18,No
"Collective Arts Galaxy 2 Ways",-,"IPA - New England / Hazy","473 mL can",3.77/5,6.6%,$4.85,86,Yes
"Creemore Oktoberfest",-,Festbier,"473 mL can",N/A,5.5%,$3.95,34,No
"Magnotta True North Light IPA",-,"IPA - Session","473 mL can",3.45/5,4.0%,$3.50,39,No
"Flying Monkeys Theatre of Madness Pumpkin Lager","Flying Monkeys Craft Brewery","Pumpkin / Yam Beer","473 mL can",N/A,6.0%,$3.95,25,Yes
"Lake of Bays Pumpkin Ale","Lake of Bays Brewing","Pumpkin / Yam Beer","473 mL can",N/A,6.0%,$3.50,22,No
"Lambiek Fabriek - Brett-Elle",-,"Lambic - Gueuze","375 mL bottle",3.85/5,5.5%,$11.75,10,Yes
"Brasserie Dupont Moinette Brune",-,N/A,"330 mL bottle",N/A,8.5%,$3.45,30,Yes
"Bellwoods Cat Lady IPA","Bellwoods Brewery","IPA - American","473 mL can",N/A,7.2%,$5.00,60,No
"Grand River Brewing Highballer Pumpkin Ale","Grand River Brewing","Pumpkin / Yam Beer","473 mL can",N/A,5.2%,$3.50,26,No
"Side Launch Mountain Lager","Side Launch","Lager - Helles","473 mL can",N/A,4.7%,$3.45,26,No
"Hofbrau Hefe Weizen","Hofbrau Hefe Weizen",Hefeweizen,"500 mL bottle",N/A,5.1%,$4.15,68,No
"La Trappe Quadrupel Ale","La Trappe","Belgian Quadrupel","750 mL bottle",N/A,10.0%,$10.95,9,Yes
"Henderson's Brewing Co. Pearson Express IPA","Henderson Brewing","IPA - American",N/A,N/A,6.5%,$3.65,43,Yes
"Timmermans Lambicus Strawberry",-,"Lambic - Fruit","330 mL bottle",3.47/5,4.0%,$4.70,1,Yes
"Muskoka Brewery Stein Sized Fest Bier",-,Festbier,"568 mL can",3.76/5,5.5%,$3.95,13,Yes
"High Park Pumpkin Spice Latte",-,"Pumpkin / Yam Beer","473 mL can",3.84/5,6.5%,$3.50,20,No
"Wellington Brewery Morning Moon IPA",-,"IPA - New England / Hazy","473 mL can",3.67/5,6.2%,$3.95,23,Yes
Carlsberg,-,"Pilsner - Other","473 mL can",2.80/5,5.0%,$2.95,10,Yes
"Tuborg Gold",-,"Lager - Pale","473 mL can",2.70/5,5.5%,$2.75,314,Yes
"Flying Monkeys Psychedelic Puzzle Factory DIPA",-,"IPA - Imperial / Double","473 mL can",4.20/5,8.1%,$4.35,28,Yes
"Bellwoods Brewery Pig IPA",-,"IPA - American","473 mL can",3.80/5,7.0%,$5.00,74,No
"Jelly King with Boysenberry & Plum",-,"Sour - Fruited","500 mL bottle",4.08/5,5.6%,$7.50,14,No
"Collective Arts Stranger Than Fiction, Porter","Collective Arts","Porter - American","473 mL can",N/A,5.5%,$3.45,42,Yes
"Wildbrau Helles",-,"Lager - Helles","500 mL bottle",3.33/5,5.0%,$3.25,28,No
"Wildbrau Grafting Grandauer Festbier",-,Festbier,"500 mL bottle",3.45/5,5.6%,$3.30,54,No
"Great Lakes Brewery Sultana Solero IPA",-,"IPA - New England / Hazy","473 mL can",3.92/5,5.8%,$3.60,25,Yes
"Henderson x Palm - Double Fusion Amber Ale",-,"Pale Ale - Belgian","473 mL can",N/A,5.5%,$4.25,40,No
"Town Brewery Super Dope West Coast IPA",-,"IPA - American","473 mL can",3.71/5,6.4%,$3.95,5,No
"Left Field Brewery Mr. Oktober Festbier",-,Festbier,"355 mL can",3.47/5,5.4%,$3.35,32,No
